title,user_score,critic_score
Grand Theft Auto IV,79,98
Grand Theft Auto V,83,97
BioShock,89,96
The Orange Box,88,96
Mass Effect 2,89,96
The Elder Scrolls V: Skyrim,85,96
Red Dead Redemption,90,95
Portal 2,87,95
Batman: Arkham City,87,94
Gears of War,83,94
The Elder Scrolls IV: Oblivion,87,94
Call of Duty 4: Modern Warfare,85,94
Halo 3,79,94
Call of Duty: Modern Warfare 2,64,94
Pac-Man Championship Edition DX,78,93
BioShock Infinite,85,93
Braid,85,93
Street Fighter IV,73,93
Fallout 3,85,93
Gears of War 2,77,93
Mass Effect 3,59,93
Rock Band 3,82,93
Guitar Hero II,81,92
Rock Band,80,92
Forza Motorsport 3,81,92
Batman: Arkham Asylum,87,92
The Walking Dead: A Telltale Games Series,86,92
Rock Band 2,82,92
Super Street Fighter IV,76,91
Dark Souls II,79,91
Halo: Reach,81,91
Mass Effect,87,91
Forza Motorsport 4,82,91
Gears of War 3,79,91
Far Cry 3,86,91
Assassin's Creed II,88,90
Bayonetta,81,90
Tom Clancy's Ghost Recon Advanced Warfighter,79,90
Trials Evolution,80,90
Grand Theft Auto IV: The Lost and Damned,80,90
FIFA Soccer 12,68,90
FIFA Soccer 10,75,90
Portal: Still Alive,84,90
LIMBO,84,90
Mark of the Ninja,74,90
Super Meat Boy,80,90
Dead Space 2,86,90
Geometry Wars: Retro Evolved 2,83,90
XCOM: Enemy Unknown,83,90
Forza Motorsport 2,83,90
Metal Gear Solid HD Collection,87,90
FIFA Soccer 13,62,90
Rayman Legends,82,90
NBA 2K12,77,90
Borderlands 2,83,89
Call of Duty 2,82,89
Plants vs. Zombies,82,89
Rez HD,80,89
Castlevania: Symphony of the Night,87,89
Fable II,66,89
Assassin's Creed: Brotherhood,83,89
Left 4 Dead 2,86,89
Left 4 Dead,79,89
Dark Souls,85,89
Grand Theft Auto IV: The Ballad of Gay Tony,85,89
Fez,62,89
Burnout Revenge,82,89
Dead Space,87,89
Dark Souls: Artorias of the Abyss,86,89
Deus Ex: Human Revolution,83,89
The Walking Dead: Episode 5 - No Time Left,88,89
The Beatles: Rock Band,86,89
L.A. Noire,79,89
Peggle,82,89
Virtua Fighter 5 Online,76,89
NBA 2K11,81,89
Burnout Paradise,70,88
Shadow Complex,87,88
Call of Duty: Modern Warfare 3,34,88
Dishonored,79,88
Pinball FX 2: Marvel Pinball - Avengers Chronicles,75,88
NHL 10,84,88
BioShock 2,82,88
NHL 09,83,88
Tom Clancy's Rainbow Six Vegas,83,88
Super Street Fighter II Turbo HD Remix,83,88
Star Wars Pinball: Balance of the Force,61,88
The Secret of Monkey Island: Special Edition,88,88
Project Gotham Racing 3,79,88
Battlefield: Bad Company 2,86,88
XCOM: Enemy Within,76,88
Pinball FX 2,82,88
NHL 11,77,88
The Witcher 2: Assassins of Kings,83,88
The Walking Dead: Episode 3 - Long Road Ahead,83,88
FIFA Soccer 11,75,88
Joe Danger: Special Edition,77,88
Battlefield: Bad Company 2 Vietnam,78,88
Need for Speed: Hot Pursuit,71,88
NBA 2K13,73,88
Rocksmith 2014 Edition,75,87
Halo 4,70,87
FIFA Soccer 09,79,87
Ikaruga,78,87
Mass Effect 2: Lair of the Shadow Broker,85,87
DiRT 3,70,87
Red Dead Redemption: Undead Nightmare Pack,84,87
Call of Duty: Black Ops,64,87
Fight Night Round 4,81,87
Bit.Trip Presents...Runner2: Future Legend of Rhythm Alien,74,87
DiRT 2,82,87
Rayman Origins,82,87
Pinball FX 2: Star Wars Pinball,64,87
Spelunky,73,87
Diablo III,66,87
Puzzle Quest: Challenge of the Warlords,83,87
GRID,79,87
NBA 2K14,49,87
The Elder Scrolls IV: Shivering Isles,85,86
BlazBlue: Calamity Trigger,85,86
Dragon Age: Origins,79,86
Tomb Raider,85,86
Borderlands 2: Tiny Tina's Assault on Dragon Keep,84,86
Pinball FX 2: Marvel Pinball,83,86
Trials HD,85,86
Radiant Silvergun,83,86
Mortal Kombat,83,86
Brothers: A Tale of Two Sons,87,86
NCAA Football 11,71,86
Street Fighter III: Third Strike Online Edition,73,86
DmC: Devil May Cry,51,86
Assassin's Creed IV: Black Flag,79,86
Dance Central 2,81,86
Geometry Wars: Retro Evolved,86,86
Fight Night Round 3,88,86
Bastion,85,86
Fight Night Champion,74,86
Tom Clancy's Ghost Recon Advanced Warfighter 2,79,86
Max Payne 3,78,86
Skate,84,86
NHL 12,70,86
The Elder Scrolls IV - Knights of the Nine,75,86
Dance Central 3,80,86
DJ Hero 2,80,86
Tom Clancy's Splinter Cell: Conviction,77,85
Project Gotham Racing 4,84,85
NHL 08,82,85
Guitar Hero III: Legends of Rock,79,85
Lara Croft and the Guardian of Light,84,85
Trials Evolution: Origin of Pain,84,85
Tom Clancy's Splinter Cell Double Agent,81,85
Madden NFL 10,61,85
BlazBlue: Continuum Shift,87,85
Guitar Hero World Tour,63,85
Dead or Alive 4,81,85
Pure,76,85
SoulCalibur IV,79,85
Forza Horizon,85,85
Monkey Island 2 Special Edition: LeChuck's Revenge,84,85
Marvel vs. Capcom 3: Fate of Two Worlds,71,85
Guitar Hero 5,69,85
NBA Jam: On Fire Edition,74,85
Dead Rising,76,85
Persona 4 Arena Ultimax,26,85
Madden NFL 08,65,85
BattleBlock Theater,79,85
Borderlands: The Secret Armory of General Knoxx,79,85
UFC Undisputed 3,76,85
The Wolf Among Us: Episode 5 - Cry Wolf,83,85
Red Faction: Guerrilla,80,85
F.E.A.R.,74,85
Trine 2,73,85
Bionic Commando Rearmed,83,85
Far Cry 2,67,85
Call of Duty: World at War,76,84
Bomberman Live,80,84
Crysis 2,75,84
Viva Pinata,79,84
'Splosion Man,78,84
Beyond Good & Evil HD,85,84
Top Spin 4,82,84
Battlefield 3,75,84
UFC Undisputed 2010,67,84
Assassin's Creed III,68,84
Outland,74,84
Mass Effect 3: Citadel,82,84
NBA 2K7,78,84
Devil May Cry 4,81,84
Guitar Hero: Metallica,81,84
Sid Meier's Civilization Revolution,78,84
The Walking Dead: Episode 2 - Starved for Help,86,84
F1 2012,69,84
Stacking,81,84
F1 2011,71,84
BioShock Infinite: Burial at Sea - Episode Two,85,84
NBA 2K9,72,84
Need for Speed: Most Wanted - A Criterion Game,55,84
Worms 2: Armageddon,72,84
DJ Hero,78,84
Bulletstorm,76,84
Fallout: New Vegas,83,84
Pinball FX 2: Marvel Pinball - Vengeance and Virtue,tbd,84
Saints Row: The Third,76,84
Skate 2,79,84
Borderlands,82,84
Madden NFL 11,57,84
FIFA 14,42,84
Ultra Street Fighter IV,69,84
The Walking Dead: Season Two Episode 5 - No Going Back,88,84
Might & Magic: Clash of Heroes,82,84
Child of Eden,76,84
Resident Evil 4 HD,79,84
Vanquish,92,84
Tiger Woods PGA Tour 09,77,84
F1 2010,75,84
Borderlands 2: Mr. Torgue's Campaign of Carnage,83,83
Battlefield 1943,79,83
Darksiders II,82,83
Battlefield 3: Back to Karkand,69,83
N+,83,83
Fallout 3: Point Lookout,82,83
Halo 3: ODST,72,83
DiRT,74,83
Resident Evil 5,75,83
Street Fighter X Tekken,45,83
Call of Duty: Black Ops II,50,83
Persona 4 Arena,32,83
Sine Mora,73,83
Need for Speed: Shift,65,83
Need for Speed: Most Wanted,85,83
Pinball Hall of Fame: The Williams Collection,83,83
NCAA Football 10,67,83
Guardian Heroes,80,83
Dark Souls II: Crown of the Ivory King,86,83
Crackdown,80,83
UFC Undisputed 2009,79,83
Madden NFL 09,70,83
Magic: Duels of the Planeswalkers 2014,52,83
NHL 13,66,83
Fallout: New Vegas - Old World Blues,81,83
The Misadventures of P.B. Winterbottom,75,83
Castlevania: Lords of Shadow,79,83
Darksiders,78,83
Titanfall,60,83
Pac-Man Championship Edition,85,83
Tekken Tag Tournament 2,76,83
2010 FIFA World Cup South Africa,82,83
Ms. 'Splosion Man,68,83
Super Puzzle Fighter II Turbo HD Remix,80,83
Alan Wake,81,83
Dust: An Elysian Tail,80,83
Battlefield: Bad Company,77,83
NCAA Football 09,77,83
Skylanders Swap Force,61,83
Defense Grid: The Awakening,73,82
Tom Clancy's Rainbow Six Vegas 2,78,82
BioShock 2: Minerva's Den,87,82
Dance Central,76,82
Minecraft: Xbox 360 Edition,72,82
NBA 2K10,76,82
You Don't Know Jack,79,82
South Park: The Stick of Truth,85,82
Viva Pinata: Trouble in Paradise,79,82
Shift 2: Unleashed,66,82
Iron Brigade,77,82
Unreal Tournament III,76,82
Sonic CD,85,82
Darkstalkers Resurrection,64,82
The Pinball Arcade,68,82
Marvel: Ultimate Alliance,75,82
NCAA Football 12,65,82
The Darkness,81,82
The Walking Dead: Season Two Episode 3 - In Harm's Way,87,82
Test Drive Unlimited,80,82
Blur,82,82
The Elder Scrolls V: Skyrim - Dragonborn,81,82
Doom,83,82
Mega Man 9,83,82
Hitman: Blood Money,86,82
Brutal Legend,80,82
Castle Crashers,88,82
The Chronicles of Riddick: Assault on Dark Athena,81,82
Marvel vs. Capcom 2,80,82
Prince of Persia Classic,71,82
Fallout 3: Broken Steel,83,82
Call of Duty 3,65,82
Split/Second,81,82
Halo: Combat Evolved Anniversary,82,82
Metal Gear Rising: Revengeance,79,82
Pro Evolution Soccer 2013,69,82
Sonic & All-Stars Racing Transformed,81,82
Command & Conquer 3: Tiberium Wars,72,82
Final Fantasy XIII,60,82
The Wolf Among Us: Episode 1 - Faith,84,82
Sonic the Hedgehog 2,88,82
FIFA Soccer 08,79,82
Enslaved: Odyssey to the West,78,82
Halo Wars,73,82
The Walking Dead: Episode 4 - Around Every Corner,83,82
SSX,64,82
Tom Clancy's Splinter Cell: Blacklist,75,82
College Hoops 2K7,82,82
Joe Danger 2: The Movie,72,82
Catherine,82,82
Condemned: Criminal Origins,82,81
Tony Hawk's Project 8,76,81
Saints Row IV,66,81
Injustice: Gods Among Us,79,81
NBA 2K8,70,81
NHL 14,60,81
Kingdoms of Amalur: Reckoning - The Legend of Dead Kel,78,81
Torchlight,77,81
Renegade Ops,81,81
Saints Row,75,81
LEGO Star Wars II: The Original Trilogy,80,81
Saints Row 2,82,81
NCAA Football 08,78,81
Dishonored: The Brigmore Witches,76,81
Virtua Fighter 5 Final Showdown,79,81
Sensible World of Soccer,74,81
Toy Soldiers: Cold War,86,81
Assassin's Creed,77,81
ilomilo,81,81
Uno,79,81
Super Time Force,58,81
Toy Soldiers,85,81
Crysis,75,81
Just Cause 2,80,81
Rage,67,81
Rockstar Games presents Table Tennis,78,81
Borderlands 2: Captain Scarlett and Her Pirate's Booty,78,81
The Dishwasher: Vampire Smile,82,81
Skulls of the Shogun,81,81
Borderlands: The Zombie Island of Dr. Ned,82,81
Terraria,72,81
Madden NFL 13,58,81
Poker Smash,85,81
College Hoops 2K8,69,81
Monaco: What's Yours Is Mine,73,81
Midnight Club: Los Angeles,85,81
Catan,77,81
Mass Effect 2: Overlord,76,81
NBA 2K6,87,81
Perfect Dark Zero,73,81
WWE SmackDown vs. Raw 2007,79,81
Ninja Gaiden II,80,81
Kinect Party,66,81
Puzzle Quest 2,85,81
Prince of Persia,71,81
Madden NFL 25,56,80
Ace Combat 6: Fires of Liberation,79,80
LEGO Marvel Super Heroes,78,80
Bully: Scholarship Edition,83,80
Rocket Riot,76,80
Assassin's Creed: Revelations,72,80
Madden NFL 07,60,80
WWE SmackDown vs. Raw 2010,83,80
Tiger Woods PGA Tour 10,69,80
Condemned 2: Bloodshot,85,80
Far Cry 3: Blood Dragon,84,80
Driver: San Francisco,76,80
Space Invaders Extreme,80,80
LEGO The Lord of the Rings,84,80
From Dust,76,80
NBA Street Homecourt,79,80
Duke Nukem 3D,81,80
Darwinia+,61,80
The Darkness II,75,80
IL-2 Sturmovik: Birds of Prey,82,80
Tiger Woods PGA Tour 07,79,80
Tekken 6,71,80
Skate 3,81,80
Tomb Raider: Legend,74,80
Peter Jackson's King Kong: The Official Game of the Movie,76,80
Sleeping Dogs,79,80
The Walking Dead: 400 Days,77,80
MotoGP '06,74,80
LEGO Star Wars: The Complete Saga,76,80
Fable III,65,80
Skylanders Giants,67,80
Zero D Beat Drop,tbd,80
Virtua Tennis 3,69,80
Cloning Clyde,80,80
Grand Theft Auto Online,59,80
Double Fine Happy Action Theater,62,80
Tiger Woods PGA Tour 08,78,80
Dragon Age: Origins - Awakening,80,80
Metro: Last Light,84,80
The Walking Dead: Season Two Episode 2 - A House Divided,83,80
Kingdoms of Amalur: Reckoning,78,80
Snoopy Flying Ace,87,80
Magic: The Gathering - Duels of the Planeswalkers 2013,71,80
Space Invaders Infinity Gene,85,80
UEFA EURO 2008,84,80
Alan Wake: The Writer,73,80
Lazy Raiders,88,80
Pro Evolution Soccer 2014,42,80
Dark Souls II: Crown of the Sunken King,81,80
NBA Live 10,77,80
The Walking Dead: Season Two Episode 1 - All That Remains,86,80
Tiger Woods PGA Tour 12: The Masters,60,80
Naruto: The Broken Bond,78,80
FlatOut: Ultimate Carnage,85,80
Hitman: Sniper Challenge,77,80
Hitman: Absolution,72,79
WWE SmackDown vs. Raw 2009,71,79
Resident Evil 5: Lost in Nightmares,77,79
Kameo: Elements of Power,80,79
The King of Fighters XIII,82,79
Sesame Street: Once Upon a Monster,69,79
Gears of War 2: All Fronts Collection,78,79
Banjo-Kazooie: Nuts & Bolts,67,79
The Bigs,84,79
EA Sports MMA,80,79
NHL 07,53,79
The Walking Dead: Episode 1 - A New Day,80,79
Dishonored: The Knife of Dunwall,76,79
Lost Planet: Extreme Condition,71,79
Chime,79,79
Eternal Sonata,79,79
NCAA Football 07,70,79
Mega Man 10,78,79
Sonic's Ultimate Genesis Collection,86,79
SoulCalibur,84,79
Counter-Strike: Global Offensive,70,79
LEGO Batman 2: DC Super Heroes,72,79
Monday Night Combat,81,79
Quarrel,81,79
Transformers: Fall of Cybertron,84,79
Orcs Must Die!,81,79
Dead Rising 2: Case Zero,78,79
DeathSpank,82,79
Tom Clancy's Ghost Recon: Future Soldier,73,79
Winning Eleven: Pro Evolution Soccer 2007,65,79
The Lord of the Rings: The Battle for Middle-Earth II,76,79
Dead Rising 2,70,79
Hexic HD,70,79
CastleStorm,68,79
Ultimate Marvel vs. Capcom 3,65,79
Final Fantasy XIII-2,63,79
LEGO Harry Potter: Years 1-4,80,79
Mirror's Edge,75,79
Alien Hominid HD,75,79
Ghostbusters: The Video Game,85,79
Just Dance 2014,78,79
Hasbro Family Game Night: Scrabble,80,79
Prey,75,79
Battlefield 4,57,79
Call of Duty: Black Ops - Escalation,52,79
Dragon Age II,45,79
Tales of Vesperia,86,79
Greed Corp,70,79
Anomaly: Warzone Earth,61,79
Carcassonne,84,79
Assault Heroes,74,79
Perfect Dark,86,79
Gears of War: Judgment,56,79
Pool Nation,76,79
Tiger Woods PGA Tour 11,78,79
OutRun Online Arcade,83,79
Major League Baseball 2K7,71,79
Marble Blast Ultra,82,79
Pro Evolution Soccer 2011,59,79
F1 2013,68,79
Blue Dragon,79,79
Roogoo,74,78
Hasbro Family Game Night: Yahtzee,43,78
Skylanders: Spyro's Adventure,55,78
Madden NFL 12,59,78
Lost Odyssey,84,78
WWE '13,80,78
Prototype,77,78
DeathSpank: Thongs of Virtue,81,78
AstroPop,54,78
Super Street Fighter IV: Arcade Edition,69,78
Naruto: Rise of a Ninja,85,78
Bust-A-Move Live!,tbd,78
Bejeweled 3,84,78
Call of Duty: Black Ops - First Strike,64,78
Lost Planet: Extreme Condition Colonies Edition,81,78
NFL Blitz,63,78
Skullgirls,68,78
MotoGP '07,69,78
NHL 2K7,79,78
Pro Evolution Soccer 2012,66,78
State of Decay,72,78
Far Cry Instincts Predator,62,78
Bangai-O HD: Missile Fury,74,78
Rock Band Blitz,75,78
Kinect Nat Geo TV,68,78
Charlie Murder,67,78
Metal Slug 3,66,78
GRID 2,57,78
A Kingdom for Keflings,69,78
Ace Combat: Assault Horizon,62,78
Switchball,79,78
Dead Space 3,64,78
R.U.S.E.,70,78
Every Extend Extra Extreme,72,78
Pro Evolution Soccer 2010,76,78
Marvel vs. Capcom Origins,81,78
Call of Duty: Black Ops - Annihilation,50,78
Top Spin 3,77,78
Mutant Storm Reloaded,72,77
Devil May Cry HD Collection,85,77
Sega Rally Revo,72,77
Birds of Steel,85,77
NBA Live 09,75,77
Shank 2,63,77
Sanctum 2,49,77
Eets: Chowdown,58,77
RISK: Factions,66,77
Your Shape Fitness Evolved 2012,76,77
SoulCalibur V,63,77
Call of Juarez: Bound in Blood,76,77
Banjo-Kazooie,83,77
Gears of War 3: RAAM's Shadow,78,77
Final Fight: Double Impact,76,77
Battlefield 2: Modern Combat,73,77
Sonic Generations,84,77
Sonic the Hedgehog (Live Arcade),87,77
Dungeons & Dragons: Chronicles of Mystara,58,77
Wik & the Fable of Souls,76,77
Daytona USA,80,77
World of Tanks: Xbox 360 Edition,67,77
Tomb Raider: Anniversary,85,77
Lumines Live!,77,77
DoDonPachi Resurrection,84,77
Red Dead Redemption: Liars and Cheats,73,77
LEGO Indiana Jones: The Original Adventures,76,77
Dungeon Defenders,68,77
Operation Flashpoint: Dragon Rising,76,77
Stranglehold,76,77
Fable III: Traitor's Keep Quest Pack,78,77
Rocksmith,82,77
Zuma Deluxe,75,77
Outpost Kaloki X,69,77
Command & Conquer: Red Alert 3,72,77
LEGO Harry Potter: Years 5-7,80,77
Mutant Storm Empire,78,77
Doom II,82,77
Need for Speed Carbon,64,77
The Wolf Among Us: Episode 3 - A Crooked Mile,82,77
Tom Clancy's EndWar,72,77
Metro 2033,78,77
SkyDrift,80,77
NCAA Football 14,59,77
Tropico 4,74,77
The Godfather,78,77
The Gunstringer,81,77
Dragon's Dogma: Dark Arisen,80,77
Heavy Weapon: Atomic Tank,77,77
The Adventures of Shuggy,82,77
Uno Rush,72,77
Tiger Woods PGA Tour 14,62,77
F.E.A.R. 2: Project Origin,79,77
Garou: Mark of the Wolves,86,77
A World of Keflings,66,77
Just Dance 4,77,77
de Blob 2,71,77
Full House Poker,67,77
FIFA Street,67,77
Awesomenauts,77,77
Tiger Woods PGA Tour 13,56,77
Insanely Twisted Shadow Planet,79,76
Crysis 3,68,76
Left 4 Dead: Crash Course,77,76
Pro Evolution Soccer 2008,77,76
Transformers: War for Cybertron,85,76
Guwange,86,76
Strider,75,76
NCAA Football 13,55,76
Spec Ops: The Line,83,76
The Bridge,74,76
Forza Horizon: Rally Expansion Pack,61,76
Quantum Conundrum,64,76
R-Type Dimensions,69,76
Half-Minute Hero: Super Mega Neo Climax,80,76
Shadows of the Damned,83,76
Street Fighter II' Hyper Fighting,67,76
Band Hero,50,76
Dead or Alive 5,80,76
Major League Baseball 2K10,76,76
The Bigs 2,63,76
SoulCalibur II HD Online,77,76
Call of Juarez: Gunslinger,82,76
LEGO Batman: The Videogame,78,76
Resident Evil 5: Desperate Escape,76,76
Call of Duty: Black Ops II - Uprising,50,76
Puzzle Quest: Galactrix,76,76
Deus Ex: Human Revolution - The Missing Link,69,76
Deathsmiles,84,76
Brothers in Arms: Hell's Highway,82,76
Chessmaster LIVE,69,76
Penny Arcade Adventures: Episode One,76,76
Zuma's Revenge!,69,76
Singularity,77,76
The Club,68,76
Fallout 3: The Pitt,72,76
The Sims 3,73,76
Need for Speed: Rivals,54,76
Disney/Pixar Toy Story 3,84,76
Lode Runner,74,76
Section 8: Prejudice,77,76
Alan Wake's American Nightmare,78,76
Spider-Man: Shattered Dimensions,75,76
Undertow,76,76
Streets of Rage 2,83,76
Dragon Age II: Mark of the Assassin,54,76
Age of Booty,72,76
Battlestations: Pacific,74,76
Overlord,83,76
"Warhammer 40,000: Space Marine",78,76
Scene It? Box Office Smash,74,76
RoboBlitz,83,76
Tomb Raider: Underworld,67,76
Alan Wake: The Signal,68,75
MX vs. ATV Reflex,63,75
WWE 2K14,77,75
Top Spin 2,68,75
NHL 2K6,61,75
Panzer General: Allied Assault,69,75
Overlord II,74,75
Worms,69,75
Sam & Max: Beyond Time and Space,78,75
Dragon's Dogma,79,75
Penny Arcade Adventures: Episode Two,75,75
NCAA Basketball 10,tbd,75
Resident Evil: Revelations,75,75
Gyromancer,65,75
Stuntman Ignition,72,75
F.E.A.R. 3,69,75
Tony Hawk's American Wasteland,74,75
Sonic & Sega All-Stars Racing with Banjo-Kazooie,76,75
Tropico 3,67,75
WWE All Stars,71,75
Magic: The Gathering - Duels of the Planeswalkers 2012,80,75
GRID Autosport,61,75
Blood of the Werewolf,66,75
Akai Katana,80,75
Supreme Commander 2,71,75
Payday 2,63,75
Zone of the Enders HD Collection,81,75
All-Pro Football 2K8,68,75
Hard Corps: Uprising,71,75
The Maw,77,75
Raskulls,71,75
WWE SmackDown vs. Raw 2011,76,75
Magic: The Gathering - Duels of the Planeswalkers,74,75
Frontlines: Fuel of War,77,75
Dead or Alive 5 Ultimate,73,75
Call of Duty: Black Ops II - Revolution,51,75
Culdcept Saga,86,75
Quake 4,68,75
DiRT Showdown,65,75
DreamWorks Kung Fu Panda,74,75
Exit,77,75
El Shaddai: Ascension of the Metatron,70,75
The Dishwasher: Dead Samurai,78,75
Green Day: Rock Band,66,75
Smash T.V.,81,75
Assassin's Creed: Brotherhood - The Da Vinci Disappearance,83,75
Command & Conquer 3: Kane's Wrath,69,75
Assault Heroes 2,53,75
Hydro Thunder Hurricane,82,75
LEGO Star Wars III: The Clone Wars,78,75
Gun,75,75
X-Men Origins: Wolverine,83,75
NBA Jam,70,75
Hasbro Family Game Night: Sorry! Sliders,tbd,74
Droplitz,72,74
The Wolf Among Us: Episode 4 - In Sheep's Clothing,85,74
Costume Quest,78,74
Prototype 2,70,74
Medal of Honor,68,74
Sam & Max: Save the World,75,74
Majin and the Forsaken Kingdom,81,74
Dead Rising 2: Case West,70,74
Resonance of Fate,77,74
Binary Domain,81,74
Batman: Arkham Origins,75,74
Mercury Hg,80,74
Def Jam Rapstar,54,74
Galaga Legions DX,tbd,74
Borderlands: The Pre-Sequel,63,74
Disney Infinity,67,74
CAPSIZED,71,74
Hasbro Family Game Night: Connect Four,tbd,74
Left 4 Dead 2: The Passing,81,74
Gatling Gears,78,74
World Series of Poker 2008: Battle for the Bracelets,67,74
Ridge Racer 6,74,74
Kinectimals,32,74
Mass Effect 3: Leviathan,68,74
Naruto Shippuden: Ultimate Ninja Storm Generations,70,74
Guilty Gear XX Accent Core Plus,66,74
Zeno Clash: Ultimate Edition,81,74
Naruto Shippuden: Ultimate Ninja Storm 2,85,74
Comic Jumper: The Adventures of Captain Smiley,67,74
Madden NFL 06,52,74
Ion Assault,75,74
Mafia II,79,74
Syndicate,72,74
2014 FIFA World Cup Brazil,44,74
SBK X: Superbike World Championship,83,74
Dance Dance Revolution Universe,80,74
Galaga Legions,78,74
Prince of Persia: The Forgotten Sands,78,74
Pro Evolution Soccer 2009,68,74
Call of Duty: Ghosts,26,73
NBA Live 08,53,73
Your Shape: Fitness Evolved,75,73
Army of Two: The 40th Day,73,73
Just Cause,72,73
Jetpac Refuelled,74,73
The Saboteur,82,73
Medal of Honor: Airborne,68,73
The Elder Scrolls V: Skyrim - Dawnguard,72,73
Motocross Madness,78,73
Scott Pilgrim vs. the World: The Game,75,73
Bandfuse: Rock Legends,77,73
Assassin's Creed III - The Infamy,50,73
LEGO Pirates of the Caribbean: The Video Game,71,73
NBA Baller Beats,66,73
Castlevania: Lords of Shadow - Mirror of Fate HD,78,73
Battlestations: Midway,71,73
Marvel: Ultimate Alliance 2,73,73
"Wallace & Gromit's Grand Adventures, Episode 1: Fright of the Bumblebees",79,73
The Wolf Among Us: Episode 2 - Smoke and Mirrors,78,73
"Wallace & Gromit's Grand Adventures, Episode 2: The Last Resort",tbd,73
Hybrid,74,73
Dishonored: Dunwall City Trials,65,73
Earthworm Jim HD,78,73
Thrillville: Off the Rails,33,73
Tom Clancy's HAWX,72,73
Worms Revolution,59,73
Jonah Lomu Rugby Challenge,60,73
Small Arms,74,73
Star Wars: The Force Unleashed,67,73
Virtual-On: Oratorio Tangram Ver.5.66,85,73
Raiden Fighters Aces,76,73
Zumba Fitness Rush,62,73
Banjo-Tooie,83,73
Kinect: Disneyland Adventures,31,73
"Scene It? Lights, Camera, Action",81,73
Dante's Inferno,77,73
FIFA 07 Soccer,76,73
Kinect Sports,75,73
Beautiful Katamari,70,73
Warp,74,73
Anarchy Reigns,79,73
Mini Ninjas,83,73
Crimson Alliance,72,72
Rock of Ages,84,72
UEFA Champions League 2006-2007,82,72
Battlefield 3: Close Quarters,55,72
Omega Five,84,72
Race Pro,70,72
Commanders: Attack of the Genos,64,72
Samurai Shodown II,tbd,72
NASCAR The Game: Inside Line,34,72
Tony Hawk's Proving Ground,55,72
GripShift,80,72
Cars 2: The Video Game,79,72
Borderlands: Claptrap's New Robot Revolution,70,72
MotoGP 13,58,72
Mercenaries 2: World in Flames,72,72
Amped 3,71,72
After Burner Climax,50,72
Mortal Kombat vs. DC Universe,74,72
Gel: Set & Match,tbd,72
Blazing Angels 2: Secret Missions of WWII,78,72
Star Ocean: The Last Hope,73,72
Need for Speed ProStreet,71,72
Pid,83,72
Dragon Ball Z: Burst Limit,77,72
NiGHTS into Dreams...,78,72
Dungeon Siege III,59,72
Wolfenstein,76,72
Phantom Breaker: Battle Grounds,70,72
Stoked: Big Air Edition,77,72
South Park Let's Go Tower Defense Play!,68,72
"Wallace & Gromit's Grand Adventures, Episode 3: Muzzled!",tbd,72
Rocket Knight,77,72
Guitar Hero: Warriors of Rock,65,72
FIFA World Cup: Germany 2006,66,72
Serious Sam HD: The Second Encounter,71,72
Axel & Pixel,75,72
Sonic the Hedgehog 4: Episode I,56,72
GoldenEye 007: Reloaded,60,72
Hexic 2,62,72
Hasbro Family Game Night: Battleship,tbd,72
Call of Duty Classic,78,72
Army of Two,75,72
Dead Rising 2: Off the Record,74,72
Batman: Arkham City - Harley Quinn's Revenge,67,72
Borderlands 2: Sir Hammerlock's Big Game Hunt,63,72
Dark Sector,75,72
The Splatters,88,72
Divinity II: The Dragon Knight Saga,78,72
Assassin's Creed Rogue,74,72
Command & Conquer: Red Alert 3 - Commander's Challenge,68,72
Red Faction: Armageddon,70,71
The Walking Dead: Season Two Episode 4 - Amid the Ruins,71,71
Bee Movie Game,71,71
Sacred 2: Fallen Angel,73,71
Shank,64,71
Record of Agarest War,71,71
WWE '12,63,71
LEGO Indiana Jones 2: The Adventure Continues,73,71
Dead Island,69,71
Boulder Dash-XL,tbd,71
Aces of the Galaxy,73,71
WWE Legends of WrestleMania,60,71
Zeit Squared,tbd,71
Guitar Hero: Smash Hits,61,71
Grand Slam Tennis 2,53,71
Retro City Rampage,77,71
Nike+ Kinect Training,73,71
Call of Juarez,70,71
Stacking: The Lost Hobo King,88,71
Guardians of Middle-Earth,80,71
50 Cent: Blood on the Sand,63,71
Meteos Wars,65,71
NHL 2K8,74,71
Warriors Orochi 3,81,71
LEGO Rock Band,72,71
Robert Ludlum's The Bourne Conspiracy,72,71
Mass Effect 2: Kasumi - Stolen Memory,79,71
NBA 2K10: Draft Combine,tbd,71
Hasbro Family Game Night: Sorry!,tbd,71
Battle Fantasia,66,71
WWE SmackDown vs. Raw 2008,69,71
Lips,74,71
Paperboy,62,71
Gotham City Impostors,70,71
The Simpsons Game,77,71
Fruit Ninja Kinect,64,71
Easy Golf: Course Architect,79,71
Chromehounds,70,71
Tiger Woods PGA Tour 06,74,71
Asura's Wrath,66,71
"Batman: Arkham Origins - Cold, Cold Heart",79,71
Ridge Racer Unbounded,76,71
Bionic Commando,73,70
Crackdown 2,61,70
The Sims 3: Pets,35,70
Silent Hill: Homecoming,70,70
Virtua Tennis 4,63,70
Luxor 2,72,70
Bubble Bobble Neo!,73,70
The Outfit,76,70
TimeShift,79,70
Ninja Gaiden 3: Razor's Edge,73,70
Bomberman Live: Battlefest,83,70
College Hoops 2K6,75,70
SEGA Rally Online Arcade,61,70
The Cave,78,70
Just Dance 3,77,70
MX vs. ATV Untamed,68,70
Hell Yeah! Wrath of the Dead Rabbit,84,70
Full Auto,77,70
Jet Set Radio,76,70
Haunt,81,70
Guitar Hero: Aerosmith,67,70
Disney DuckTales Remastered,71,70
Major League Baseball 2K8,59,70
Lollipop Chainsaw,70,70
Karaoke Revolution Presents: American Idol Encore,70,70
Remember Me,76,70
Ticket to Ride,78,70
Call of Duty: Black Ops II - Apocalypse,57,70
Call of Duty: Black Ops - Rezurrection,50,70
Alice: Madness Returns,80,70
Naruto Shippuden: Ultimate Ninja Storm 3,76,70
Lips: Number One Hits,76,70
Ultimate Mortal Kombat 3,66,70
NCAA Basketball 09,56,70
Homefront,60,70
Castlevania: Lords of Shadow 2,78,70
UFC Personal Trainer: The Ultimate Fitness System,65,70
Virtua Tennis 2009,62,70
CellFactor: Psychokinetic Wars,85,70
L.A. Noire: Nicholson Electroplating Disaster,83,70
Fallout: New Vegas - Dead Money,61,70
Polar Panic,tbd,70
Apache: Air Assault,64,70
Scene It? Movie Night,tbd,70
UEFA Euro 2012,28,70
X-Men: The Arcade Game,69,70
World Gone Sour,74,69
Alien Breed: Evolution,80,69
World Series of Poker: Tournament of Champions,73,69
Section 8,73,69
Fusion: Genesis,79,69
Enchanted Arms,67,69
Earth Defense Force 2017,76,69
Trouble Witches Neo!,70,69
NCAA March Madness 08,tbd,69
Wet,72,69
NHL 2K9,67,69
NASCAR 09,78,69
Magna Carta 2,70,69
Blitz: The League,65,69
Operation Flashpoint: Red River,59,69
Golf: Tee It Up!,84,69
MotoGP 09/10,56,69
Swarm,76,69
Serious Sam HD: The First Encounter,87,69
NHL 2K10,76,69
Foul Play,60,69
Bejeweled 2 Deluxe,63,69
Ancients of Ooga,58,69
Def Jam: Icon,62,69
Rayman 3 HD,72,69
Poker Night 2,58,69
Lightning Returns: Final Fantasy XIII,66,69
Lips: Party Classics,tbd,69
Turok,70,69
I Am Alive,63,69
Conan,74,69
Enemy Territory: Quake Wars,73,69
Quake Arena Arcade,70,69
The LEGO Movie Videogame,76,69
Silent Hill HD Collection,56,69
Pinball FX,79,69
Biology Battle,87,69
Diner Dash,tbd,69
Major League Baseball 2K11,68,69
Hitman HD Trilogy,72,69
Call of Duty: Black Ops II - Vengeance,40,69
Giana Sisters: Twisted Dreams,70,69
The Amazing Spider-Man,74,69
Sonic & Knuckles,87,69
Boom Boom Rocket,61,69
Band of Bugs,60,68
Madballs in Babo: Invasion,85,68
BioShock Infinite: Clash in the Clouds,58,68
Call of Duty: Modern Warfare 2 - Stimulus Package,27,68
1942: Joint Strike,62,68
DmC: Devil May Cry - Vergil's Downfall,53,68
Silent Hill: Downpour,73,68
Cloudberry Kingdom,70,68
Stoked,86,68
Earth Defense Force 2025,81,68
Joust,73,68
Kinect Rush: A Disney-Pixar Adventure,51,68
Spider-Man: Web of Shadows,86,68
Blitz: The League II,72,68
Brink,58,68
Lost Planet 2,62,68
Space Giraffe,75,68
G-Force,73,68
Harry Potter and the Order of the Phoenix,45,68
Deadly Premonition,83,68
The UnderGarden,tbd,68
Tom Clancy's HAWX 2,63,68
Viking: Battle for Asgard,80,68
Test Drive Unlimited 2,64,68
Major League Baseball 2K12,64,68
Juiced 2: Hot Import Nights,75,68
Bejeweled Blitz Live,72,68
Vandal Hearts: Flames of Judgment,79,68
Alien Breed 3: Descent,67,68
The Biggest Loser: Ultimate Workout,tbd,68
EA Sports Active 2,54,68
Fable Anniversary,68,68
BioShock Infinite: Burial at Sea - Episode One,79,68
Serious Sam Double D XXL,55,68
Ninja Blade,68,68
BloodRayne: Betrayal,74,68
Rango,80,68
Go! Go! Break Steady,74,68
MotoGP 08,61,68
Enslaved: Odyssey to the West - Pigsy's Perfect 10,75,68
Deadlight,78,68
The Bureau: XCOM Declassified,67,68
Earth Defense Force: Insect Armageddon,83,68
Need for Speed: The Run,61,68
Infinite Undiscovery,70,68
Ice Age: Dawn of the Dinosaurs,75,68
MXGP: The Official Motocross Videogame,62,68
JoJo's Bizarre Adventure HD Ver.,49,68
Puddle,69,68
Armored Core V,72,68
Schizoid,78,68
FLOCK!,48,68
Golden Axe,84,68
Saints Row IV: Enter the Dominatrix,63,68
Jewel Quest,tbd,68
Fallout 3 - Operation: Anchorage,65,67
The Simpsons Arcade Game,71,67
Shoot Many Robots,70,67
Nin2-Jump,78,67
The Fancy Pants Adventures,68,67
Sniper Elite V2,67,67
Disney Castle of Illusion starring Mickey Mouse,71,67
Space Ark,tbd,67
NIER,84,67
Wreckateer,55,67
Alien Breed 2: Assault,54,67
Assassin's Creed II: Bonfire of the Vanities,65,67
Assassin's Creed III - The Betrayal,51,67
NCAA March Madness 07,71,67
Sega Superstars Tennis,67,67
Resident Evil Code: Veronica X HD,82,67
"Warhammer 40,000: Kill Team",70,67
Joy Ride Turbo,79,67
Castlevania: Harmony of Despair,70,67
Resident Evil 6,50,67
NFL Head Coach 09,81,67
Two Worlds II,66,67
Tecmo Bowl Throwback,73,67
Rayman Raving Rabbids,76,67
Prince of Persia: Epilogue,63,67
Doom 3 BFG Edition,66,67
Galaga,77,66
Double Dragon: Neon,73,66
Red Faction: Guerrilla - Demons of the Badlands,56,66
Zombie Apocalypse,77,66
Shadowrun,75,66
Final Fantasy XI,65,66
Marlow Briggs and the Mask of Death,53,66
F.E.A.R. Files,71,66
WRC: FIA World Rally Championship,58,66
The Last Remnant,68,66
Kinect Sports: Season Two,67,66
Fantastic Pets,75,66
Backbreaker: Vengeance,50,66
Universe at War: Earth Assault,83,66
Fuel,69,66
Blazing Angels: Squadrons of WWII,80,66
Major League Baseball 2K6,41,66
L.A. Noire: Reefer Madness,78,66
Fable II: Knothole Island,74,66
Wolfenstein 3D,82,66
Death Tank,70,66
Strania,tbd,66
Wolf of the Battlefield: Commando 3,79,66
Shred Nebula,tbd,66
Lost Cities,68,66
Disney Universe,56,66
3D Ultra MiniGolf Adventures,61,66
Tony Hawk's Pro Skater HD,56,66
Tomb Raider Underworld: Lara's Shadow,81,66
Madden NFL Arcade,48,66
Teenage Mutant Ninja Turtles: 1989 Classic Arcade,74,66
Trivial Pursuit,64,66
Rotastic,tbd,66
Burnout Crash!,64,66
The Black Eyed Peas Experience,58,66
Monopoly Streets,66,66
A.R.E.S. Extinction Agenda EX,72,66
Robotron: 2084,67,65
Too Human,70,65
Military Madness: Nectaris,63,65
Bankshot Billiards 2,62,65
Dig Dug,66,65
Feeding Frenzy,73,65
Armored Core: Verdict Day,75,65
Afro Samurai,62,65
Elements of Destruction,tbd,65
Disney's Meet the Robinsons,tbd,65
Ms. Pac-Man,70,65
Capcom Digital Collection,53,65
007: Quantum of Solace,71,65
Mass Effect 2: Arrival,60,65
Texas Cheat 'Em,tbd,65
Dynasty Warriors: Gundam 3,78,65
Cars,72,65
Dynasty Warriors 8,75,65
The Godfather II,69,65
Baja: Edge of Control,71,65
Kane & Lynch: Dead Men,32,65
Black Knight Sword,73,65
Feeding Frenzy 2: Shipwreck Showdown,76,65
Dance Dance Revolution Universe 2,74,65
Armored Core 4,73,65
Crash of the Titans,65,65
Mini Ninjas Adventures,80,65
WRC 2: FIA World Rally Championship 2011,63,65
Brave: The Video Game,60,65
Fallout 3: Mothership Zeta,60,65
Shotest Shogi,tbd,65
Exit 2,tbd,65
Gauntlet,54,65
Choplifter HD,31,65
Crystal Quest,76,64
Fallout: New Vegas - Honest Hearts,70,64
Harry Potter and the Half-Blood Prince,39,64
Arcania: Gothic 4,49,64
Aliens vs. Predator,73,64
The Testament of Sherlock Holmes,76,64
Puzzlegeddon,tbd,64
F1 2014,40,64
Killer Is Dead,71,64
London 2012 - The Official Video Game of the Olympic Games,64,64
Speedball 2: Brutal Deluxe,87,64
F1 Race Stars,59,64
Project Sylpheed: Arc of Deception,87,64
Nexuiz,61,64
NBA Live 06,61,64
Abyss Odyssey,65,64
3 on 3 NHL Arcade,72,64
Star Trek: Legacy,56,64
TNT Racers,tbd,64
Pac-Man Museum,40,64
Dragon Age II: Legacy,50,64
Of Orcs and Men,57,64
Hardwood Hearts,74,64
Yosumin! LIVE,tbd,64
Wheelman,75,64
Major League Baseball 2K9,53,64
Mad Riders,71,64
Need for Speed Undercover,59,64
Phantasy Star Universe,75,64
Armored Core: For Answer,78,64
The Baconing,61,64
Zombie Driver HD,47,64
Storm,29,64
nail'd,71,64
The Adventures of Tintin: The Game,64,63
FIFA Street 3,68,63
Alpha Protocol,72,63
DarkStar One: Broken Alliance,67,63
Big Bumpin',58,63
Assassin's Creed III - The Redemption,57,63
Namco Museum: Virtual Arcade,73,63
Triggerheart Exelica,81,63
Texas Hold 'Em,66,63
AC/DC Live: Rock Band Track Pack,49,63
Sacred Citadel,62,63
Lucidity,76,63
Matt Hazard: Blood Bath and Beyond,87,63
Spider-Man 3,70,63
Serious Sam 3: BFE,77,63
Fallout: New Vegas - Lonesome Road,76,63
Fatal Fury Special,83,63
Clive Barker's Jericho,75,63
Scrap Metal,80,63
Monsters vs. Aliens,66,63
Scarygirl,73,63
Contra,51,63
Borderlands: Mad Moxxi's Underdome Riot,56,63
Gin Rummy,tbd,63
Kane & Lynch 2: Dog Days,53,63
Bladestorm: The Hundred Years' War,64,63
MX vs. ATV Alive,71,63
DanceMasters,64,63
The King of Fighters XII,48,63
Angry Birds Trilogy,35,63
SBK Superbike World Championship,80,63
Fracture,63,63
Wits & Wagers,74,63
Missile Command,tbd,63
Time Pilot,tbd,63
Track & Field,78,63
Dragon Ball Z Budokai HD Collection,85,63
Michael Jackson The Experience,69,63
Islands of Wakfu,73,62
Inferno Pool,tbd,62
Zombie Apocalypse: Never Die Alone,59,62
Hardwood Backgammon,66,62
Wanted: Weapons of Fate,76,62
The Legend of Spyro: Dawn of the Dragon,76,62
FIFA 06: Road to FIFA World Cup,60,62
PowerUp Forever,54,62
TNA iMPACT!,59,62
Batman: Arkham Origins Blackgate - Deluxe Edition,70,62
Marathon: Durandal,77,62
Sherlock Holmes vs. Jack the Ripper,65,62
Assassin's Creed Liberation HD,57,62
Rumble Roses XX,65,62
Bionic Commando Rearmed 2,59,62
Tornado Outbreak,80,62
Hardwood Spades,65,62
Pac-Man,51,62
Mortal Kombat Arcade Kollection,66,62
Divinity II: Ego Draconis,63,62
Cloudy With a Chance of Meatballs,63,62
BlackSite: Area 51,60,62
Heroes Over Europe,81,62
Marvel Avengers: Battle for Earth,70,62
Fable II: See the Future,66,62
DreamWorks Shrek Forever After,43,62
Madagascar: Escape 2 Africa,68,62
Rainbow Islands: Towering Adventure!,tbd,62
WRC 4: FIA World Rally Championship,65,62
Fuse,56,62
NASCAR 2011: The Game,41,62
WRC 3,77,62
Mad Tracks,78,62
Naruto Shippuden: Ultimate Ninja Storm Revolution,71,62
Splatterhouse,77,62
Tower Bloxx Deluxe,73,62
Deadpool,74,62
James Bond 007: Blood Stone,71,62
Bakugan: Defenders of the Core,tbd,62
Blacklight: Tango Down,74,61
Up,68,61
The Lord of the Rings: War in the North,73,61
Dynasty Warriors 5 Empires,82,61
Ninety-Nine Nights,66,61
Blood Bowl,50,61
Frogger,53,61
Shaun White Skateboarding,53,61
Sonic the Hedgehog 4: Episode II,67,61
Mafia II: Joe's Adventures,49,61
Midway Arcade Origins,74,61
Hunted: The Demon's Forge,63,61
Dead to Rights: Retribution,69,61
Root Beer Tapper,65,61
Aqua,82,61
Football Genius - The Ultimate Quiz,tbd,61
Surf's Up,61,61
Moon Diver,tbd,61
Star Wars: The Force Unleashed II,57,61
PowerUp Heroes,75,61
Transformers: Revenge of the Fallen,77,61
Invincible Tiger: The Legend of Han Tao,77,61
Test Drive: Ferrari Racing Legends,53,61
Kinect Adventures!,64,61
James Cameron's Avatar: The Game,68,61
Metal Slug XX,76,61
Fatal Inertia,42,61
Voodoo Dice,74,61
Fable: The Journey,47,61
Super Contra,63,61
Air Conflicts: Secret Wars,tbd,61
Happy Wars,68,61
SBK Generations,tbd,61
Ben 10 Alien Force: Vilgax Attacks,83,61
Mass Effect 3: Omega,62,60
Pac-Man and the Ghostly Adventures 2,65,60
Risen,64,60
Legend of the Guardians: The Owls of Ga'Hoole,80,60
Risen 2: Dark Waters,61,60
Crash: Mind Over Mutant,63,60
Shaun White Snowboarding,76,60
Captain America: Super Soldier,64,60
Defiance,72,60
Tomb Raider Underworld: Beneath the Ashes,75,60
Buku Sudoku,tbd,60
Create,58,60
Bakugan Battle Brawlers,52,60
Sonic Unleashed,78,60
Jurassic Park: The Game,37,60
All Zombies Must Die!,51,60
Beijing 2008 - The Official Video Game of the Olympic Games,65,60
Sonic Adventure 2,79,60
Leedmees,tbd,60
Rio,72,60
Encleverment Experiment,58,60
WarTech: Senko no Ronde,61,60
Spider-Man: Friend or Foe,65,60
Teenage Mutant Ninja Turtles: Turtles in Time Re-Shelled,71,60
Dynasty Warriors 6,72,60
Karateka,68,60
Jeremy McGrath's Offroad,57,60
MicroBot,64,60
Crazy Taxi,71,59
How to Survive,63,59
Dark Void,58,59
Spectral Force 3,75,59
KrissX,tbd,59
Mass Effect 3: From Ashes,37,59
Worms Ultimate Mayhem,78,59
Hydrophobia,74,59
Dynasty Warriors 6 Empires,73,59
The Spiderwick Chronicles,tbd,59
Dynasty Warriors: Strikeforce,60,59
Open Season,73,59
Green Lantern: Rise of the Manhunters,70,59
Bionicle Heroes,59,59
NASCAR 08,52,59
Dogfight 1942,56,59
Fist of the North Star: Ken's Rage,71,59
Disney Epic Mickey 2: The Power of Two,55,59
Soltrio Solitaire,75,59
NBA Live 07,49,59
GEON: emotions,85,59
Saw,73,59
Arkadian Warriors,59,59
Transformers: Dark of the Moon,65,59
Dance Paradise,tbd,59
How to Train Your Dragon,76,58
Pirates of the Caribbean: At World's End,55,58
Front Mission Evolved,61,58
TRON: Evolution,57,58
Rush'n Attack,tbd,58
Lost Planet 3,58,58
God Mode,63,58
Blade Kitten,61,58
Ninja Gaiden 3,44,58
Alone in the Dark,56,58
Assassin's Creed II: Battle of Forli,62,58
WRC Powerslide,58,58
Dynasty Warriors 7,80,58
Cars Mater-National Championship,78,58
TMNT,65,58
Bang Bang Racing,55,58
Vigilante 8: Arcade,85,58
Aegis Wing,70,58
TiQal,73,58
Duke Nukem Forever: The Doctor Who Cloned Me,67,58
Raving Rabbids: Alive & Kicking,54,58
ARKANOID Live!,36,58
Defender,tbd,58
Dragon Ball: Raging Blast 2,76,57
Space Chimps,53,57
Special Forces: Team X,68,57
Sea Life Safari,tbd,57
Body and Brain Connection,48,57
Puzzle Chronicles,tbd,57
Bolt,71,57
Final Exam,72,57
Double Dragon,64,57
Breach,44,57
Dead Space 2: Severed,68,57
Faery: Legends of Avalon,66,57
Rocketmen: Axis of Evil,79,57
Dead Island: Riptide,63,57
Spider-Man: Edge of Time,70,57
Guitar Hero: Van Halen,58,57
Wrecked: Revenge Revisited,55,57
Death By Cube,55,56
Guilty Gear 2: Overture,60,56
Don King Presents: Prizefighter,64,56
Xevious,tbd,56
Deadliest Catch: Alaskan Storm,59,56
MySims SkyHeroes,55,56
Diabolical Pitch,65,56
Monopoly,58,56
Disney/Pixar Ratatouille,68,56
"Carnival Games: Monkey See, Monkey Do!",55,56
Deadliest Warrior: Legends,56,56
Velvet Assassin,70,56
Port Royale 3: Pirates and Merchants,45,56
Deadliest Warrior: The Game,77,56
Dragon Age: Origins - Witch Hunt,54,56
Gyruss,tbd,56
Dragon Ball: Raging Blast,76,56
Kung-Fu High Impact,78,56
Viva Pinata: Party Animals,60,56
Supreme Commander,60,56
The Chronicles of Narnia: Prince Caspian,75,56
Scene It? Bright Lights! Big Screen!,56,56
Tenchu Z,73,56
DreamWorks Shrek the Third,41,56
Kinect Star Wars,36,55
Bloody Good Time,61,55
Dynasty Warriors: Gundam,64,55
Monster Madness: Battle for Suburbia,52,55
Watchmen: The End Is Nigh,79,55
Crazy Machines Elements,tbd,55
Dragon Ball Z: Ultimate Tenkaichi,57,55
You're in the Movies,52,55
Fist of the North Star: Ken's Rage 2,71,55
Asteroids & Deluxe,50,55
Smash Court Tennis 3,tbd,55
Bullet Witch,60,55
Cabela's Dangerous Hunts 2011,60,55
The Amazing Spider-Man 2,63,55
Battlestar Galactica,67,55
Fable Heroes,47,55
Yar's Revenge,55,55
Alien Spidy,43,55
NBA Ballers: Chosen One,42,55
The War of the Worlds,51,55
Warhammer: Battle March,67,55
Rugby World Cup 2011,39,55
The Lord of the Rings: Conquest,69,55
Lost: Via Domus,64,55
Marvel Super Hero Squad: The Infinity Gauntlet,66,55
Way of the Samurai 3,70,55
The Incredible Hulk,64,55
Kingdom Under Fire: Circle of Doom,58,55
Centipede & Millipede,66,55
BurgerTime: World Tour,70,55
MUD - FIM Motocross World Championship,71,54
Backbreaker,76,54
Fret Nice,tbd,54
Pocketbike Racer,65,54
Import Tuner Challenge,77,54
Brain Challenge,56,54
The Elder Scrolls V: Skyrim - Hearthfire,58,54
Dragon Age: Origins - Return to Ostagar,66,54
Rise of the Argonauts,74,54
Harry Potter for Kinect,46,54
Vancouver 2010 - The Official Video Game of the Olympic Winter Games,67,54
Army of Two: The Devil's Cartel,63,54
Cars Race-O-Rama,58,54
Top Gun: Hard Lock,35,54
Boogie Bunnies,60,54
RocketBowl,tbd,54
Minesweeper Flags,tbd,54
Sneak King,56,54
Warriors: Legends of Troy,73,54
Spyglass Board Games,38,54
Rise of Nightmares,79,54
Avatar: The Last Airbender - The Burning Earth,58,54
FaceBreaker,65,54
Planet 51,tbd,53
The History Channel: Civil War - A Nation Divided,69,53
Tetris Splash,76,53
Fable II Pub Games,61,53
Medal of Honor: Warfighter,54,53
Dragon Ball Z: Battle of Z,51,53
Painkiller: Hell & Damnation,67,53
Star Trek: D-A-C,70,53
Dead or Alive Xtreme 2,68,53
Dreamcast Collection,50,53
Samurai Warriors 2 Empires,86,53
Ecco the Dolphin,80,53
Inversion,65,53
Dungeon Fighter Live: Fall of Hendon Myre,75,53
Disney Sing It,52,53
Tony Hawk: Shred,66,53
Dash of Destruction,63,53
Bodycount,48,53
Warriors Orochi,69,53
Eat Lead: The Return of Matt Hazard,71,53
Samurai Warriors 2,87,52
Realms of Ancient War,53,52
Transformers: The Game,56,52
Hail to the Chimp,61,52
Kinect Joy Ride,50,52
Xotic,tbd,52
South Park: Tenorman's Revenge,75,52
Blades of Time,66,52
Crystal Defenders,62,52
Spare Parts,tbd,52
Resident Evil: Operation Raccoon City,49,52
Tetris Evolution,tbd,52
Defenders of Ardania,77,52
Game of Thrones,51,52
Dark Messiah of Might and Magic: Elements,70,52
Red Faction: Battlegrounds,70,52
X-Men: The Official Game,61,52
The First Templar,63,52
NeverDead,56,52
Sniper: Ghost Warrior 2,57,52
Conflict: Denied Ops,49,52
Unbound Saga,tbd,51
Le Tour de France 2013 - 100th Edition,59,51
Warlords,tbd,51
Rush'N Attack Ex-Patriot,66,51
Where the Wild Things Are,54,51
History Legends of War: Patton,63,51
CSI: Crime Scene Investigation: Deadly Intent,57,51
Sacred 3,40,51
Superman Returns,60,51
Happy Tree Friends: False Alarm,59,51
Babel Rising,34,51
Yie Ar Kung-Fu,tbd,51
Fairytale Fights,57,51
Qix++,tbd,51
Beowulf: The Game,47,51
Saints Row 2: Ultor Exposed,61,51
Red Johnson's Chronicles - One Against All,tbd,51
Wing Commander Arena,55,51
Flashback,47,50
Narco Terror,59,50
Battlezone,tbd,50
X-Blades,55,50
Dead Space 3: Awakened,51,50
Novadrome,75,50
Yaiba: Ninja Gaiden Z,53,50
Night at the Museum: Battle of the Smithsonian,71,50
Yoostar 2: In The Movies,34,50
Two Worlds,54,50
WALL-E,61,50
Dead Block,70,50
DreamWorks Kung Fu Panda 2,46,50
Adrenalin Misfits,tbd,50
Fable III: Understone Quest Pack,60,50
Soldier of Fortune: Payback,56,50
Voltron: Defender of the Universe,66,50
Knights Contract,56,49
Saints Row: The Third - Genki Bowl VII,56,49
Lucha Libre AAA Heroes del Ring,66,49
Pac-Man and the Ghostly Adventures,51,49
Over G Fighters,62,49
Dragon Ball Z for Kinect,20,49
Supremacy MMA,62,49
Dynasty Warriors: Gundam 2,66,49
World Championship Poker: Featuring Howard Lederer - All In,tbd,49
Puzzle Arcade,77,49
NFL Tour,31,49
Fuzion Frenzy 2,53,49
Duke Nukem Forever,45,49
Shrek-N-Roll,70,49
Damage Inc.: Pacific Squadron WWII,55,49
Dollar Dash,45,49
Zombie Wranglers,78,49
Domino Master,tbd,49
Terminator Salvation,49,48
CSI: Crime Scene Investigation: Hard Evidence,54,48
Fire Pro Wrestling,33,48
Aliens: Colonial Marines,39,48
Stormrise,66,48
Otomedius Excellent,82,48
Cabela's Alaskan Adventures,59,48
MX Vs ATV: Supercross,48,48
Eragon,57,48
MLB 2K13,35,48
Rock of the Dead,48,48
Sonic Adventure,73,48
Summer Athletics: The Ultimate Challenge,tbd,48
Michael Phelps: Push the Limit,35,48
Mass Effect: Pinnacle Station,38,48
Call of Juarez: The Cartel,57,47
Deep Black: Episode 1,54,47
Legendary,71,47
Saw II: Flesh & Blood,51,47
MLB Front Office Manager,46,47
Naughty Bear: Panic in Paradise,80,47
Hole in the Wall,39,47
Sonic Free Riders,23,47
Adventure Time: Explore the Dungeon Because I DON'T KNOW!,41,47
X-Men: Destiny,50,47
Scramble,77,47
Bellator: MMA Onslaught,64,47
Tempest,45,47
Dungeons & Dragons: Daggerdale,50,46
Zoids Assault,75,46
Shadow Assault -Tenchu-,tbd,46
Tony Hawk Ride,30,46
Carrier Command: Gaea Mission,63,46
RayStorm HD,73,46
Alien Rage,76,46
Samurai Shodown Sen,51,46
Le Tour de France,80,46
Operation Darkness,70,46
Sonic the Hedgehog,44,46
Winter Stars,65,46
Spartacus Legends,53,45
Madagascar 3: The Video Game,49,45
Iron Man,58,45
War World,77,45
Ugly Americans: Apocalypsegeddon,64,45
Sniper: Ghost Warrior,58,45
Ghostbusters: Sanctum of Slime,34,45
Interpol: The Trail of Dr. Chaos,30,45
Golden Axe: Beast Rider,58,45
Red Bull X-Fighters,tbd,45
N3II: Ninety-Nine Nights,68,45
007 Legends,44,45
Fantastic Four: Rise of the Silver Surfer,54,45
Mr. Driller Online,tbd,45
Darkest of Days,49,44
Watchmen: The End Is Nigh Part 2,64,44
Dead Island: Ryder White,62,44
"Harry Potter and the Deathly Hallows, Part 2",50,44
Discs of Tron,67,44
Warriors Orochi 2,81,44
Transformers: Rise of the Dark Spark,56,44
Risen 3: Titan Lords,47,44
FunTown Mahjong,tbd,44
Crash Time: Autobahn Pursuit,71,44
Street Trace: NYC,66,44
TotemBall,30,44
Hellboy: The Science of Evil,57,44
NPPL Championship Paintball 2009,66,44
Pirates vs Ninjas Dodgeball,60,44
Turning Point: Fall of Liberty,68,43
Word Puzzle,tbd,43
Blood Knights,42,43
Monster Jam,60,43
New Rally-X,53,43
Omerta: City of Gangsters,35,43
Star Wars The Clone Wars: Republic Heroes,61,43
America's Army: True Soldiers,67,43
Rise of the Guardians,37,43
Tron,70,43
Hot Wheels: Beat That!,53,43
Bliss Island,70,43
Ice Age: Continental Drift - Arctic Games,59,43
Naughty Bear,55,43
Deadfall Adventures,79,43
Mindjack,12,43
Venetica,75,42
Star Trek The Video Game,26,42
G.I. Joe: The Rise of Cobra,47,42
Bloodforge,73,42
Clash of the Titans,40,42
Brave: A Warrior's Tale,50,42
Zumba Fitness: Join the Party,55,42
CSI: Crime Scene Investigation: Fatal Conspiracy,48,42
Winter Sports 2: The Next Challenge,tbd,41
Iron Man 2,58,41
Things on Wheels,60,41
Cyberball 2072,79,41
MotionSports Adrenaline,65,41
The Golden Compass,41,41
Dragon's Lair,55,41
Duke Nukem: Manhattan Project,68,41
0 Day Attack on Earth,45,41
Way of the Dogg,33,41
Naval Assault: The Killing Tide,45,40
Screwjumper!,34,40
The Warriors: Street Brawl,64,40
Blood Drive,64,40
Prison Break: The Conspiracy,48,40
Scourge: Outbreak,67,40
MotionSports,40,40
Looney Tunes: Acme Arsenal,71,40
Real Steel,64,40
Battle: Los Angeles,48,39
The Cursed Crusade,44,39
Family Guy: Back to the Multiverse,50,39
Coffeetime Crosswords,34,39
R.I.P.D. The Game,34,39
Onechanbara: Bikini Samurai Squad,63,39
Pacific Rim,48,39
Battleship,18,38
Attack of the Movies 3D,17,38
Pimp My Ride,38,38
DARK,41,38
Teenage Mutant Ninja Turtles: Out of the Shadows,53,38
Vampire Rain,30,38
Thor: God of Thunder,56,38
Raven Squad: Operation Hidden Dagger,35,38
Kengo: Legend of the 9,41,38
Rock Revolution,51,38
Steel Battalion: Heavy Armor,25,38
Pure Futbol,79,38
"Harry Potter and the Deathly Hallows, Part 1",50,38
Quantum Theory,37,37
Hour of Victory,32,37
Blackwater,48,37
Rocky and Bullwinkle,44,37
Frogger 2,63,37
Lucha Fury,59,37
Damnation,55,36
Dream Chronicles,tbd,36
Power Gig: Rise of the SixString,21,36
Double D Dodgeball,70,36
Infernal: Hell's Vengeance,48,35
Dead Space Ignition,47,35
Enemy Front,57,35
NCIS,38,35
The History Channel: Battle for the Pacific,61,35
Star Raiders,59,35
Fireburst,40,35
Destroy All Humans! Path of the Furon,66,34
Bomberman: Act Zero,23,34
Girl Fight,54,34
Farming Simulator,62,33
Megamind: Ultimate Showdown,43,33
Escape Dead Island,37,32
The Walking Dead: Survival Instinct,40,32
The Expendables 2 Videogame,44,32
Fighters Uncaged,48,32
ShellShock 2: Blood Trails,57,30
Jumper: Griffin's Story,33,29
Rambo: The Video Game,22,28
Rogue Warrior,28,28
Deca Sports Freedom,37,26
Leisure Suit Larry: Box Office Bust,25,25
AMY,39,25
NBA Unrivaled,43,25
Fast & Furious: Showdown,10,22
Ride to Hell: Retribution,12,19
Double Dragon II: Wander of the Dragons,15,17
Yaris,42,17
